email,username,password
Lionel.Bauch@hotmail.com,Lysanne_Block49,5vLsS_agLaJOETk
Sabina77@gmail.com,Britney_Christiansen,CxFz6SdeE9aaTzb
Jarrett50@hotmail.com,Erika.Quigley,s2Zu3NvpPswpYgQ
Frankie9@yahoo.com,Ayden_Kuhn,f5VKyvxqfQSAlLq
Shayna_Bahringer64@gmail.com,Misty_Morar,oK4diSC9znC6rHJ
Tyson_Ward@hotmail.com,Ashtyn.Abbott70,uFsmbA8alnFLE43
Selmer_Wintheiser@hotmail.com,Colten11,yIvDHdNTnmLLTTq
Ryann_DuBuque@yahoo.com,Dennis76,K6FSxhlnpOld7E3
Abbey86@gmail.com,Geo.Haley34,EC3xEabBtb_ueMf
Grant67@hotmail.com,Maegan61,bqt5ZUK10HY9Uo3
Mikel.Mosciski28@gmail.com,Madie_Lesch,Jvlz7fsAFWUGdG7
Alisha92@gmail.com,Lisandro72,p5pfSRI7MgjQa5N
Alden92@gmail.com,Princess31,TXsk4_0hiywZWia
Meghan.Rosenbaum@gmail.com,Beth57,IW3Tm14D8oEiKfJ
Perry8@yahoo.com,Leonor.Barrows13,vDb15JT_A37MqcK
Kirk36@gmail.com,Marion.Tromp10,LIQyAJbcWv6tyLe
Katlyn45@yahoo.com,Meda81,z6pbPMX0rIdmcW_
Terrence14@gmail.com,Lilyan_Weimann,sVS8xEWu8EZbKrT
Frida.Schumm36@gmail.com,Nikki91,nGIJxGaETCxoWcP
Damion.Daugherty97@gmail.com,Gardner51,Qu_e3jq6e9OVB5p
Shirley16@hotmail.com,Tressa_Jaskolski6,Gf9pgGccsFZ0JLU
Edgardo.Parker@yahoo.com,Trevion.Strosin28,7D_Cs_P6RKVsNyd
Graham_OConner@yahoo.com,Jermaine_Corkery92,r9ClaL_wZ_G9SFe
Jules70@hotmail.com,Cedrick_Hirthe,Q1J_1mZZnlsvbmY
Charles_Haag@gmail.com,Sandy.Schaefer,TlqYXwP0zL5wIso
Stephon67@gmail.com,Delores_Nitzsche70,yHNcqNJ33CleSUv
Idell9@yahoo.com,Zena46,3C9aBHvFxZTomex
Thad_Ward32@gmail.com,Roxanne.Zieme76,UgTpYOOHej3yGTt
Walker.Homenick-Ondricka42@yahoo.com,Wilton.Gislason,0RggCy4_OcjK6at
Maddison74@gmail.com,Aaron.Miller41,yag1HdZiUx_9wgx
Sammy85@gmail.com,Frank.Becker,czmQBhWgW6NhHaW
Cara_Emmerich35@hotmail.com,Barney_Thompson75,nZrCj09gi0QIZLz
Oswaldo_Will@yahoo.com,Filomena_Cassin,0YAw9EqMvQMzQkx
Carmen78@hotmail.com,Janelle67,fdEismkkJFh1QyZ
Eliezer.Reinger73@hotmail.com,Hershel81,k78jhGKHprua1O_
Gregg_Blick@yahoo.com,Sheridan_Roob35,C4CSxPGbtSjOp8v
Ben32@hotmail.com,Brigitte.Ferry,f9BMX9Si2H0SNdG
Nickolas_Nader@hotmail.com,Keenan.Borer,1tfHplE_nFBs7CR
Fanny72@gmail.com,Avis18,Q3bGfh9BDurEtyQ
Maureen.Shields@gmail.com,Muriel87,pIi5r1dntf4VwfS
Jonas_OConnell-Hoeger@hotmail.com,Luis_Powlowski,xJL_hkGX_1decCs
Jaunita83@yahoo.com,Harry_Cummings,SqnsxQd42QxsUmu
Amaya.Kassulke@yahoo.com,Rhea.Farrell,nPD1VlU5LahR07v
Drew.Lemke32@gmail.com,Gabriel.Effertz,oz_LhMbUDJGxLJg
Dawn_Berge81@hotmail.com,Devante.Hirthe0,9q47JeqozgkTO8g
Claudie_Gusikowski27@gmail.com,Caterina32,ZQNwU4d1l43BPvC
Margarete.Mohr@yahoo.com,Wiley.Torphy,RwvEhMeY_MeoKQe
Alphonso6@gmail.com,Mose91,iXzOoGgnsHs1ceI
Elwyn_Romaguera@yahoo.com,Idella29,aG9gx_iQTjiyvbU
Cathrine.Reichel@hotmail.com,Moises_Moen,XRkBFj71jnCFOXH
Jean.Stokes@gmail.com,Kobe78,Kcr37pE10lb5jNt
Ethelyn23@gmail.com,Jayce95,N6FJfHBlnnJqvnY
Carmela_Hagenes87@gmail.com,Jalon_Crooks,fQUq6LAgrNli8Nz
Juston.Schiller@yahoo.com,Gracie.Hoeger29,SeQQpSDeHcR2K2S
Americo32@gmail.com,Jennings9,apQdJbhSbZnRNoy
Waylon.Prohaska@gmail.com,Lon5,Mra8IzVknR9TbHN
Gracie.Moore@gmail.com,Madelynn_Schuster,Yxqj_WMM_71GRl2
Patience39@yahoo.com,Timmy.Carter32,rlFEsT5n09BcAO1
Esmeralda_Kling@yahoo.com,Daniella16,Blg8J5Sw_5pp7BH
Eugene.Prohaska@hotmail.com,Aubree.Swift76,3nlG2_h0PlbMS0h
Adam.Heller@yahoo.com,Keeley.Turner12,eUZ1jvmNLWKfyG2
Suzanne_Larson@hotmail.com,Jaren43,OLJW22HJ2rCZMgq
Derek.Blick@yahoo.com,Liliane65,V042YsZaAeIWBei
Casey_Goldner@hotmail.com,Kory.Farrell,28OgC0fIhJuJlVw
Alaina43@gmail.com,Saige.Grady,2G5ommN9WW9OGlD
Daniela_Mosciski@hotmail.com,Grover79,KblK6CinueUB_CR
Rowena.Heller5@yahoo.com,Teresa.Cartwright,5m7K8o_sIlLAqOk
Jessie.Oberbrunner41@gmail.com,Luciano.Cole31,YdXIlOoYwi9gXWz
Vicenta_Satterfield@yahoo.com,Jakayla_Gutkowski,cQ2MXEkI2r7GYxq
Geovanny.Towne76@gmail.com,Hoyt_Boyle,LQVSTw_ExNlUU8E
Thurman.Doyle79@yahoo.com,Kale_DAmore,KZsN835gjpKtOOk
Sonia_Bogan22@yahoo.com,Candace.Fadel19,_x3HRtKwesEM_Lt
Ashley12@gmail.com,Lourdes40,O7RJct5fOUIaIRK
Jarred61@hotmail.com,Carlo_Schultz32,YODrnxNGheMGErV
Tyree12@gmail.com,Ulices.Batz,_SRArShiv51Y9B5
Krystel_Mante62@yahoo.com,Virgie.Baumbach,dJ_OyjTZLsv99CJ
Emelie92@gmail.com,Destini.Barrows,8wzxIZRn2_UPtZs
Zion.Steuber12@gmail.com,Manuela86,zia8w1wjs21VVF3
Mariah.Harber@gmail.com,Luella.Rath28,cC7RKjbkFdTkMfW
Joe.Turner@yahoo.com,Helene_Abshire27,3ngwAv42CT0tFu8
Nathan78@hotmail.com,Fae.Hoppe14,Cz5IA5VfvUMhOSu
Bert41@yahoo.com,Cruz71,3bAsiqn17TA7_M0
Ignatius31@gmail.com,Adolph_Wyman,gXVcyxXmRejug14
Jayde_Dooley29@gmail.com,Eldridge_Schmeler95,wr0OeT5nx0AL9iQ
Easter_Rowe66@gmail.com,Kendrick_Kessler,WVNk3keUpMdwbkc
Mitchel_Rau1@gmail.com,Isaias_Murray,jHLgLnN53YyETg_
Donato.Legros13@gmail.com,Garnett11,2I3DCwBQyazuVrv
Jonathan_Walter@yahoo.com,Lukas.Block50,NVFl4igsHC2W9N1
Al.Borer7@yahoo.com,Alfonzo16,Ope7Xrzt5dxF1J7
Mariano.Mills27@gmail.com,Barton.Barrows61,dED_IBlsRH4H5Sm
Emmitt.Hayes@hotmail.com,Maynard8,teCEYnSp4PAs6_u
Wade82@hotmail.com,Frances59,bgw1CXNF97kXp0A
Wilma_Beahan7@yahoo.com,Carli.Streich,nrwtMeB_HdZiDps
Rolando_Thiel@gmail.com,Dan85,Z2Sm_hJJCB6vGin
Beau83@yahoo.com,Cecelia_Huels,5okhGVTIF1BM18I
Dianna93@hotmail.com,Jovanny.Jast23,xZPAwYOaTFH9TYs
Ariel_Labadie96@gmail.com,Eula48,__6yuCG2vTgfTPq
Charity.Powlowski20@yahoo.com,Sean_Daniel,EfNoi2Rv9ZjtN6X
Michale43@gmail.com,Robin_Terry98,Y_Bc72yWXi_KCDL
Earlene.Feeney@hotmail.com,Meaghan_Feil,H_tCVL_X3zIA2_Q
Violet_Crist22@hotmail.com,Blair.Farrell,cwUpBAiovr19uU4
Leonor.Hahn@gmail.com,Rachael_Harber8,KabfhCAWLvDMEkV
Elbert_Kutch95@gmail.com,Elliott_Kozey10,uFRPkrZFRV0wJfc
Zackary44@yahoo.com,Margarita.Kohler70,A5rO4vhjkjX4yvj
Kaitlin.Donnelly@gmail.com,Nolan.Sawayn,RGMBymGMNL7pArI
Orval.Nikolaus@hotmail.com,Hayley_Bauch,GUOU2qpMt8YFXqw
Pat.Gibson@hotmail.com,Dominic.Watsica49,IUHZbh_4F6Sb2Y2
Darlene_Krajcik39@gmail.com,Tomas_Willms69,8jXCxreygCbBXR2
Sean22@gmail.com,Nicolette_Gleason,_dVvCAgC28qx_eg
Sydnie55@gmail.com,Daisy_Spencer,vdVIriLWCWudSM1
Peggie_Herzog31@yahoo.com,Betsy_Mayer9,EKRFwE_We63Ai5j
Willis85@gmail.com,Tianna.Thompson,DvccJbw4jblr2fs
Earl_Bailey-Nikolaus36@gmail.com,Benjamin_Hagenes97,NG5XSbDPlIMiBIL
Ray_Schuppe@gmail.com,Diamond43,UBuYQBRrgJYxxo7
Buck.Bayer71@yahoo.com,Angelita.Bailey,DOyT5_WlfxYimHJ
Jaqueline.Okuneva@gmail.com,Bernhard_Mann,jIPfg7T74ZTpZPj
Shaina.Rodriguez85@yahoo.com,Rogers_Schuster,DDVFbOjOoxJ4Vve
Lydia9@yahoo.com,Mathew_OHara,EXI9kHA_1rnni9v
Khalil_Green79@hotmail.com,Elenora.Labadie56,cPh29eOi2dKIR3F
Jackeline27@gmail.com,Roselyn_Murray,CHVueSAKb5qxyqB
Rubye81@hotmail.com,Romaine_Reichel10,J_QxpqQr2Ba1J8K
Viva.Medhurst20@yahoo.com,Ivah.OHara,gBN2QasAmQxOyd9
Caesar17@yahoo.com,Tianna16,NcaZC0KjiaEipz6
Pinkie50@hotmail.com,Sabryna_Moen4,aF7e0AcOXt1BB0k
Elda_Kirlin@hotmail.com,Juliet_Hamill41,2ZBLwgRNlPlGQoQ
Marilou89@gmail.com,Jed.Kris19,wl0rKbcCMCBckHX
Marty.Rutherford-Schumm@yahoo.com,Terrill_Breitenberg2,p8gUaA24d34lrT4
Kelley10@yahoo.com,Ali_King31,2gVRECJCUurf6RI
Alfonzo5@yahoo.com,Samanta59,3hR0QKbcUnWHpPA
Mateo_Mosciski46@yahoo.com,Abigayle.Balistreri7,NjIKd9Zby3fyKLu
Terrill16@gmail.com,Miguel_Dickens,ljaQFkPZs2Pj11A
Reagan_Kirlin30@yahoo.com,Gerhard.Lang,3JBrVAbpC1GDsrh
Earnest_Lindgren87@gmail.com,Aaliyah10,JhA1JvowXQayUvL
Marcella33@gmail.com,Keeley39,ik5vk2f25aGjVBr
Jazlyn_Raynor0@yahoo.com,Vilma.Huels3,be5sUhO7X513QZ0
Cassidy78@yahoo.com,Aletha_Daugherty,iwgRnYh7vGMI1FL
Wilbert30@yahoo.com,Adan.Kohler,FBMykKQh1C1LME8
Weston6@hotmail.com,Rosetta38,KFYu2gtfXBQqMcI
Edmond_Stehr-Ortiz@hotmail.com,Jeramie_Hagenes,Dn5m0bekheWbych
Tamara.McKenzie@hotmail.com,Sierra85,xL8vu1W5B7pTpO2
Hilda_Monahan@yahoo.com,Natasha61,KH7WWxCQwKig1JO
Niko.Steuber@yahoo.com,Santino.Zboncak,gJ4M2HvAJhPbwP6
Boris.Schimmel@hotmail.com,Alfreda_Collier-Pacocha80,v5YPdKGxa1kwvKu
Braden.Kuhlman@yahoo.com,Loraine_Ebert,CKck0gxeUMi3JLA
Brando_Hackett93@hotmail.com,Raul.Feeney61,WJcmgr3jMBzGpsS
Eulalia9@yahoo.com,Alphonso_Cormier,h5sxi7sEdL6czAC
Grayson_Rosenbaum83@gmail.com,Brendan49,j6HQGB15b7Wx1cy
Evan.Murazik@gmail.com,Shany_Morar27,9xIvuf4aCczRaxJ
Arne.Doyle29@gmail.com,Juana.Leffler,2IOhVrmZQDp31_p
Ludwig_Dare@gmail.com,Alexandre33,B17l62TdJRNEpaL
Christophe3@gmail.com,Allan17,ljrbU0REtV6fAUl
Ally.Dare@hotmail.com,Cleta.Jast,U46QbGF8Ce3nMih
Zoie79@yahoo.com,Terrance43,t2wqVC7FQo1h81w
Sasha_Block@yahoo.com,Catherine.Greenholt,LBNZcf6et2rNqOa
Dariana_Monahan@gmail.com,Janiya.Schinner98,CQ8DRG_hFlic5G9
Richmond.Schuppe16@yahoo.com,Wyatt.Thiel6,jn2h3RVuM2L0ZGM
Yasmine74@yahoo.com,Letha42,U7N6mXiq9L0hidh
Sydney_Leffler@hotmail.com,Dario_Flatley,v7SNQYgO1Uzi7LN
Dorthy.Cruickshank68@hotmail.com,Cullen65,yfMkxAUnoeK0HA1
Erling71@yahoo.com,Roxane_Pagac,h0AT32z6tfUsoQX
Emil_Nikolaus@hotmail.com,Teresa51,Zl0WCTXdpQhKxmg
Clark_Heidenreich44@yahoo.com,Priscilla_Romaguera3,Bfc83I86m091HfM
Tia52@gmail.com,Jada46,Wr2W5Xkd9fpwh03
Jedediah_Conroy@hotmail.com,Cecilia64,naOUA35T8_JaE3m
Carmela80@gmail.com,Shirley_Effertz67,waoicj5pB6UEKwi
Lenna_Pfannerstill@hotmail.com,Nelson.Bahringer63,ezzvz1NORuZ95uG
Brennon_Lindgren@hotmail.com,Hailie13,wSLsPVzL4OuE2Ik
Kristoffer10@hotmail.com,Carlie.Beer,y1g745eTXrL0Jbr
Alia67@hotmail.com,Jennifer.Koss27,59wfUR28zWWIaI1
Ansel_Hilpert65@hotmail.com,Jamaal_Mann16,baTdwCUOnPnf2cC
Citlalli87@gmail.com,Zackary99,k4SjLo2KIiOMoec
Jon55@hotmail.com,Nora39,TTZSqEPQuIZUoNE
Lenora_Pouros@hotmail.com,Phyllis63,sXG8jotDcjfDYZ0
Mckenna_Ortiz@gmail.com,Freeman87,jnm0kX4PDKOGntH
Unique_Reynolds@gmail.com,Karli60,XFBIZWgn5qigkqq
Erwin_Gibson@yahoo.com,Alfredo96,h2ehginIlx892E_
Christine91@hotmail.com,Daren.Cummerata,vNrxY_kJpsNJK3d
Tomas_Koepp25@yahoo.com,Luna60,dT0bLZnVRS1J9KN
Katrina_Rowe96@hotmail.com,Jayme_McLaughlin5,BL_rwb7D_s5SlRn
Leonardo85@gmail.com,Vidal60,wdnELyVoR9pEf4v
Annie.Kris@gmail.com,Blake.Lakin81,zzNWErQbss23VwJ
Cristopher27@yahoo.com,Kaleigh.Hintz,3TrczKLHcV57uhv
Juana_Miller@hotmail.com,Krystina_Turner,GiaJiscY8P0uUfR
Boyd.Morar@gmail.com,Katlyn.Hoeger8,vFBalTqN2zKkFFA
Deshawn.Bogan@gmail.com,Erick_Collins73,NcA1WZxeIhN7tO2
Trace.Gusikowski0@yahoo.com,Jalen_Considine7,fQdoK2vnThRplu4
Giovanny.OConner@hotmail.com,Garnett3,45sbT7D4gsyX_TV
Tillman.Stokes@hotmail.com,Rae_Daniel,6NYtvsQ18WxiW11
Arlo.Towne@gmail.com,Beulah.Johnston97,fI9hLPz9JNcKJPC
Lexi.Sanford81@hotmail.com,Hobart_Kilback,2aFhtANYuO4oTUs
William60@hotmail.com,Gail.Gerlach,xU3ywd39_2TOIKq
Laura.Kiehn97@gmail.com,Lonnie_Kunze,KPKe8dSx1FkFmMu
Twila.Sipes@yahoo.com,Maci67,U5xPRYFoOevK5qd
Delphia_Lang@yahoo.com,Bridget37,PNOJ4Lgt2ivn7kI
Domingo50@hotmail.com,Edna.Turner,JInNtD4leAlLFCz
Cicero_Runte@yahoo.com,Marley_Fritsch96,XxKuf7f60TqF3F4
Al.Berge@gmail.com,Trisha.Stoltenberg24,ZYEeR0CXTIrnKV8
Marianne49@hotmail.com,Michale_Brown,Xn_MmknrR3lb7mA
Christa56@yahoo.com,Christian71,sh2p6KHYaOA1dSP
Lexi20@yahoo.com,Angelica_Kuhlman,7DQxulNiS7qRa3S
Blanche.Bergstrom@yahoo.com,Montana66,PP4o6wSkWgd7rUA
Thad15@gmail.com,Warren.Schiller,ao50fVsZNwnL2nC
Lane.Lockman49@hotmail.com,Aletha.Haley,XkskexdKGg00aZd
Tamia_Rempel0@hotmail.com,Mariane.Schmidt,U2ffKE4O9I_cBNJ
Alisa_Macejkovic41@gmail.com,Brice.Hansen,9a6Ik6Y7YL8QeuE
Desiree34@gmail.com,Claude.Corkery78,Yub19OVuhXcZGOE
Ludie.Jacobson@hotmail.com,Mozell.Walker,GIjjY8YyEIFQZzs
Maynard43@yahoo.com,Ashly11,UKnywGF13iOXYby
Alysa_Torphy@gmail.com,Jerald34,vGb3mSYi34q3nBm
Stefanie_Hermiston23@yahoo.com,Reilly.Ziemann,sPCQBKrq9QRY1bn
Claire2@hotmail.com,Adrianna45,6r_S2Is1LfbB9e7
Herman_Cremin@yahoo.com,Camila46,tyJeQGf11Tf1fHn
Janet16@yahoo.com,Flo_Welch,XIlEIBwJz48GIGt
Hailey_Beahan@yahoo.com,Shanna_Mitchell,ap2XTe4DzIjF5BS
Alysa28@gmail.com,Anastacio17,4xvtM_7QZjBcJg9
Princess_Rutherford@hotmail.com,Jamie.Raynor72,sz5kURS0_PCF5gw
Brendon_Bode49@yahoo.com,Amari38,MQCCZ8zDxtKQtxo
Hollie62@hotmail.com,Lance87,0QXI0ApoEvfofej
Dennis14@gmail.com,Drake_Marvin95,V3IYOzf1vEjI43M
Bart36@gmail.com,Lorena94,JTGv5OGGZhQ0wTc
Jaleel75@hotmail.com,Joana_Brekke10,plF6BDLzIn1_iYY
Icie4@yahoo.com,Carmella.Ruecker,vtpzYGOeGtd899f
Melyssa53@hotmail.com,Coleman_Shields,AWad8JNNYtoNkQr
Rocky11@hotmail.com,Adelia_Larson,vzHMO8H6SzwFyKx
Alayna.Kutch@hotmail.com,Michelle.Pacocha86,53yDiSqMDQU7p_w
Emil22@hotmail.com,Angelita.Schuppe,gw0m7b0j0jQKNy0
Madison.Ruecker@yahoo.com,Gianni_Leuschke51,jzPkQEdeIMiTiB9
Magnus_Towne@hotmail.com,Douglas92,oLHVuI8W1ZTtwNx
Kayden15@hotmail.com,Jocelyn61,a9ywUjDjS8yg1Dp
Lilla.Dibbert@yahoo.com,Javonte26,kIpGtxMc7mSCBx7
Alverta_Jerde@yahoo.com,Olin41,QwptY1IKrca8xU7
Clementine_Barton83@gmail.com,Daren_Halvorson2,YnHMBXHBGLyiI1F
Samara45@hotmail.com,Meghan33,x7BbGt8MdGqYkxt
Estel_VonRueden56@yahoo.com,Ian.Sanford,OxrQJ6c0EzY9xfX
Kyla_Renner@hotmail.com,Green59,Zs17s7wGTFuVe9m
Delia_Franecki33@hotmail.com,Keshaun1,VP0MdzeGGksGLv9
Minerva_Flatley@gmail.com,Pinkie.Towne,fuhsmbyhLhTnmKQ
Judy.Hettinger@hotmail.com,Roberta_Halvorson62,JPpEGe13J99dn_S
Marilyne96@gmail.com,Dejah_Jast,j7B0SQQf3n_80uJ
Chad99@gmail.com,Madie.Hilpert63,0CutSgPVPXYo499
Vidal_Hermann@hotmail.com,Amani61,Ap286iD1CHLVS1M
Quincy72@hotmail.com,Geovanny.Douglas36,CMOOyGfGHnvwTli
Else_Smitham12@yahoo.com,Ross_Aufderhar,hZ9nAPShYy4p_zB
Dallas_Beer67@hotmail.com,Ali.Monahan68,xpv17Hb5soI6N0E
Adalberto61@yahoo.com,Alexandra_Ruecker,8FPC8EG56OwqPY8
Leopoldo5@hotmail.com,Christine_Wisozk43,VX0vw_o99XouGvF
Jerry67@gmail.com,Katarina_Bernier4,2_x9fV8CNEcHZ0l
Marlee.Tremblay@hotmail.com,Reta_Kassulke55,BjGb5z5IAtAffJI
Nova.Lang@hotmail.com,Jazmyne1,tzTZH2zVbA_117H
Elissa.Johnson62@hotmail.com,Eusebio.Hermann,jkbbsrnxIbf74YQ
Fannie30@yahoo.com,Wilfred.Dibbert,DyHDlRMQPe1kd9L
Patsy94@yahoo.com,June.Miller62,U6USDVEuiK6W09w
Madonna.MacGyver@hotmail.com,Kattie97,qsIUadMWDzMpIJw
Kira.Thiel35@hotmail.com,Lois.Haag,BYqCz_TmS3SkijQ
Alisa_Conroy1@yahoo.com,Ewell.Hills,2N_OjaHN6030Nwm
Shanon.Rutherford@yahoo.com,Drake11,ZwSxdYXPjwXU3Q7
Dorcas_Witting88@yahoo.com,Nico66,hiTT9cg4Y3jFM0_
Colten_Hills94@hotmail.com,Marcelo.Pollich,sS9sozqbFBQWPP8
Esteban.Mertz@hotmail.com,Hanna.Ruecker,lCcM2LWIEehI3gR
Angela.Pouros75@hotmail.com,Kacie5,FSWHl8NwbIWxJlQ
Ashly18@hotmail.com,Bradly_Wolf39,DmXSGp_TVEUuLPg
Mona.Terry97@hotmail.com,Sam50,4CHUwlNrkhQDaJ3
Rahul.Kirlin97@gmail.com,Randi84,QN1Gey7W7qVmonW
Brady.Runolfsdottir89@gmail.com,Isabelle97,0T0RYd7NDSFoA3N
Brandon_Leuschke56@hotmail.com,Carmine39,AEFtKpI3XBrdYG6
Luna31@gmail.com,Una.Crooks,fH5xYg7DzcZWMce
Pat.Witting@gmail.com,Fredrick.Brekke,HTjEgmN41utzvvW
Adell_Towne18@gmail.com,Hannah.Bernhard68,poYuQfXiLE9QA1c
Hanna.Rippin52@gmail.com,Fernando_Huel,ExNNKPPiR7D9OBv
Elsie58@yahoo.com,Breanna.Morissette,T0B0Q5rELw56KNG
Darius83@gmail.com,Breanna_Stracke66,CgnUdHEiidwKeb0
Omari_Gulgowski@yahoo.com,Giovanni_Zboncak16,yVXdAz1gupcQ1xV
Douglas49@yahoo.com,Delfina.Johnston,KWkGmswxJyiTkcN
Judge.Crooks-Ruecker81@yahoo.com,Clemmie.Feest67,smWsHWB3SfPgADc
Titus13@hotmail.com,Juana.Hessel35,6DjJe99fO27Z1pt
Willow43@yahoo.com,Elvie_Jenkins27,9WU_R25ghfZmuTA
Jarrett_Morar49@yahoo.com,Flavio.Hickle,YkSSMRITwX8augV
Kacey.Kiehn@hotmail.com,Hollie_Mante-Monahan,0t_liA65Ta3cnII
Winona_Schumm@gmail.com,Gerardo_Stark14,JOj4TA8U6vnInk0
Ashtyn88@gmail.com,Aliya57,taCWPzmuUXLuQk3
Curtis12@gmail.com,Marlon69,yvPBfhql8rBDPWn
Josefa_Mueller@gmail.com,Carlos84,TXTDDm5BsI9L2ww
Lucius83@gmail.com,Megane11,IurxJJCG1N3TB47
Darrin_Treutel@yahoo.com,Abigale.Swift18,fsrdYYVz1uHu9XV
Nathanael38@gmail.com,Shakira87,3EIJdbGrlYxdJmy
Elvera_Wisoky@hotmail.com,Gussie.Rice-Huels,BgXFcCDGG2CHOtc
Watson_Lindgren@hotmail.com,Rodrick_Corkery-Parisian,KSUu4S7PS9COUkK
Rickie_Skiles@gmail.com,Unique26,qYUhUSNFtq4cHRG
Paris_Pagac@hotmail.com,Andre44,w2JlBOtADUw6V83
Shanna_Murray60@hotmail.com,Berta.Bradtke,MC0Wwp_BWF0fCX6
Eldred.Boyle@gmail.com,Kellie.Tromp,8MQRKTZPvrC_Hw0
Abdiel.Gutmann@yahoo.com,Myah.Kassulke,wo6hYl7VGBAkfYb
Dortha27@gmail.com,Gwendolyn_Daniel10,_a8nQg5RsIAS4gm
Asia.Feil23@hotmail.com,Alisa.Kozey57,GPO_IQYbTCwxdPk
Henry17@hotmail.com,Pinkie48,BgGEKUZQ78CeCeo
Ocie_Marvin48@gmail.com,Wendell_Treutel,k3m5EPHgTWqx4TR
Dewayne.Koelpin25@gmail.com,Omer.Koss67,q8KgsiV_JXfG7zZ
Stephanie65@yahoo.com,Stephanie_Stokes,IWwaAac6KhkmKxb
Edgar.Yost-Parker@yahoo.com,Zackery_Aufderhar61,jA7j2uCmoH3n6S9
Ozella19@hotmail.com,Roy.Heller60,_TFMjr66UcpQHuX
Nicolas_Corwin56@yahoo.com,Elvera96,weEMiVV5eX8EGRj
Octavia.Shields31@yahoo.com,Gianni78,SbhBSundQkn7AlL
Geraldine22@hotmail.com,Johnnie_Schuppe6,zjV_0TDyfshvBpK
Helena_Powlowski@yahoo.com,Antonia62,jOC1F5BCDJK5FZu
Maurice.Runolfsdottir@gmail.com,Carmen_Goyette76,6NMfRG6VlOuYHYY
Jared.Strosin@yahoo.com,Domingo_Koelpin6,q5r8yF0MaavSDPG
Micaela0@hotmail.com,Michel_Swift73,pZTRI3XEZ1B5Q2v
Hope83@gmail.com,Annalise.Stamm59,64vIDWbjK6TH3Xn
Tyrell_Keeling76@yahoo.com,Christian83,05sOIW86YoxZI5f
Brooks_Jaskolski13@yahoo.com,Maximo_Herman48,TQ8zv3ebWKthPHd
Winifred.OKon@gmail.com,Summer58,O4yyMTQkPfoTRj2
Quinton.Will60@yahoo.com,Yasmeen.Kirlin75,K7Hxc50yVf8dnMt
Erick21@gmail.com,Charlene.Reinger,xudaMD5Wr5MC4Vu
Brett.Grant@hotmail.com,Casper.Reilly65,CMj2sib9EB_XQuB
Chadd48@hotmail.com,Ford96,o5Wy5DuF5GfIOX3
Jerrold_Dooley-Mante3@yahoo.com,Alexanne.Purdy,T2u7FlrzDq7kPmO
Gust_Daugherty@gmail.com,Kurtis25,3j0nCnIhG7ruRvS
Noah43@yahoo.com,Paris_Lynch19,iW2I1VkyLQb8qqX
Zetta.Bogan@gmail.com,Pauline.Bednar,JvO2VpiK42zbLC4
Talon.Cummerata@yahoo.com,Theo_Jerde,8ygelWsndUyEPVj
Amelie_Dach75@hotmail.com,Devonte23,2NADaYE9QN3QnNo
Brad_Will64@gmail.com,Katrina_Fritsch,YNLw0mIZgPyW9Iu
Lourdes34@gmail.com,Gia_Ledner,UZB8ANvD5i_qrId
Emelie_Glover-Kautzer33@yahoo.com,Jevon.Wyman,7YCPwfJrKzUk8Eh
Reyes.McClure48@hotmail.com,Sabrina_Leffler74,WkaVfjQRDc71ggQ
Edmund_Jaskolski84@hotmail.com,Johnnie36,i0D69ChEdeesOEj
Mekhi47@hotmail.com,Karl59,rRRhA8XaZGfxPWE
Berneice.Runolfsdottir@hotmail.com,Melody75,AoF_5q5Npf8sWW5
Seamus_Ward@gmail.com,Ayden_Medhurst,uvDZQ0QYJbijGEY
Martina_Jacobi@hotmail.com,Brielle.Veum,6faccl1mmUU7xEE
Stephan_Wunsch62@hotmail.com,Bobbie.Schinner,icsuH1ISsPvOuMi
Ramiro.Bauch@gmail.com,Urban_Cartwright67,9qQW9AyHdCLPOa9
Lonnie41@gmail.com,Okey25,06hHQPD1TX5j4po
Harold39@gmail.com,Evelyn36,PqhIjeNopD1uOI2
Enos15@gmail.com,Keven_Harvey,QOPh4MP1eGjLl3_
Steve.Mayer@yahoo.com,Tamia42,HltcT3RFetW4yUI
Lucie.Christiansen33@gmail.com,Maribel_Donnelly,oA_cAJUbOOB2U9N
Lenny.Hodkiewicz30@gmail.com,Kody56,ARFya6xVZGeUy4r
Buford.Batz@hotmail.com,Wilford_Cummings-Hermiston,vWQaYBnvv17kZKN
Joseph_King34@gmail.com,Declan_Reilly,LM64SPDOi9xFeT7
Clovis.Schmeler@hotmail.com,Eldon39,D6wmCggnppvQrDD
Mackenzie_Rau@yahoo.com,Juanita_Beatty,bwcB7JLRWfHhoPV
Dean64@hotmail.com,Sadye.Pfeffer,GeBqqurtJl5QWdq
Norval.Bruen24@gmail.com,Zula56,UASf44j_PiSrtpq
Cornelius24@yahoo.com,Rachael46,ky7H0I6V_WLTAaV
Kennedy.Mosciski@hotmail.com,Erica.Nikolaus85,w81UvyiKU5TVEP_
Maya_Considine@yahoo.com,Carol.Murazik71,5c3vLSLeYaB93Xo
Nettie_Beier83@gmail.com,Cleora32,3AjgGT55nojrBbg
Luis_Strosin@hotmail.com,Rowland54,RLay_euc39ExvBa
Mia.Zieme93@yahoo.com,Jadon.Rath66,6GMSZPoM3JvkraN
Sasha.Ritchie@gmail.com,Lacey4,UTXSo6VyCCI4A04
Madelynn.Swaniawski3@yahoo.com,Warren.Mayert13,sg5HjBTrUlBF58g
Georgette.Leffler@yahoo.com,Johnnie51,vKAkKQlCKxtu9nG
Araceli63@yahoo.com,Arvid.Schmeler,F1PHXeDk_rWXhbS
Denis.Spencer@hotmail.com,Otho43,sKWLpXadkYAnaFx
Diego62@yahoo.com,Erica91,EP_gRYmyyfOhCh0
Korbin81@gmail.com,Russel82,ppuwqipaVoHh4zq
Griffin_Buckridge71@gmail.com,Raegan.Cruickshank,aQu8cPMGStAOmoU
Johan89@gmail.com,Oma92,fL7LRPoFEuXKk2d
Carey_Haley@yahoo.com,Carson.Tromp-Wisozk4,BSUln2nMeToC4uW
Alia_Moen@yahoo.com,Brionna.McCullough24,Z5oRpr5vZ3xxscq
Kennith_Reichert@yahoo.com,Alfonzo45,AOEygz6xrjEDrEp
Dax.Reichel@gmail.com,Jordon_Ratke95,URt64Gudm7pfrUp
Norbert_Shields@gmail.com,Fernando.Hansen52,7bbZL11CctGpmH7
Thaddeus94@gmail.com,Jovanny_Streich48,NEVmMYsDmg0Vnpq
Angelo42@gmail.com,Irma_Hamill,WUfO24hZnalCnMc
Leone_Vandervort@hotmail.com,Audreanne.Rutherford49,jybQ1TnAngR537_
Pearlie.Stokes@yahoo.com,Moriah_Towne,OuLpLBCDBgjSIwQ
Cora.Beatty1@gmail.com,Stephan71,llGlzscKp6JQxCw
Irma_Kerluke25@gmail.com,Julie_Morar,E1fG3lp0dzMCoVi
Torey.Rogahn62@yahoo.com,Orpha83,fng__MbqpNA7Syk
Hayley26@yahoo.com,Leilani.Boehm-Graham,o0P7vGFPeBg32JJ
Yasmine_Schaefer21@gmail.com,Cory_Heaney,WhIkTV8u4TmhTyY
Aletha_Champlin6@hotmail.com,Mekhi.MacGyver25,d7GkgRAhHkoHRqt
Emmie_Kshlerin90@hotmail.com,Gabriel13,xjn1cza9mkyG7dK
Lizzie.Hessel@yahoo.com,Justine.Shields32,W4auioOyJAm_5gq
Dorothea64@gmail.com,Stanford.Towne54,Znv_HowE2xNZ9BS
Jayne.Runolfsson@yahoo.com,Darrick_Harris93,bzoI09TYZ8bBEgM
Darrell.Ankunding23@gmail.com,Nella_Jaskolski,zYsii0H7b2wCbrt
Treva.Towne-Ankunding@yahoo.com,Dallas_Lemke,VrxWKLeU6dkM6Cl
Rosario_Jast10@hotmail.com,Roselyn_Kreiger-Lindgren,EE2lmWrGYHE8w6I
Kylie_Ondricka@hotmail.com,Kyra_Mueller,esue_QzPO2gC1Lc
Harley_Olson@hotmail.com,Bartholome_Reinger,qVYWipCWnvrPdfe
Domingo1@gmail.com,Mitchel_Jakubowski1,vlFERfXcks1gFjy
Myrna.Buckridge@yahoo.com,Cynthia96,Crdv1VCHUDzI7cf
Sarina_Murray@yahoo.com,Jovan95,hxibEschp8JaWhd
Leanne21@yahoo.com,Lucas.Quigley,qkxgg1NXJgtQXB8
Erika_Larson50@hotmail.com,Dale54,ShYKt8kE20Elvu0
Luella66@hotmail.com,Ethan52,AsJ86HO0VwQ71ZE
Lorenza60@yahoo.com,Leann_Goldner,Ck7laN19I21NaOt
Glen_Bednar@gmail.com,Kaley_Frami31,8MLd0UCY5gH0wyO
Lavinia.Jast73@hotmail.com,Betty_Bailey95,oYhvOQK0nmHqbS2
Frank52@yahoo.com,Chadd88,R2jzFZ4T78w0gAk
Cornell.Thompson61@hotmail.com,Keegan_Monahan,DkUIiZQ2NLr7N2N
Mitchell.Stehr0@yahoo.com,Zelma.Reichel,0ZOL4DaGO5Tgn4l
Erick_Goldner56@hotmail.com,Abdullah_Cartwright,zRsUiOQtndHWvrd
Vincent_Feeney17@yahoo.com,Devin50,U4dVcUJXN1clduj
Sonny.Herzog-Howell@hotmail.com,Gino_Crona28,63z3pi1uhwC0fRd
Eldora_Padberg85@hotmail.com,Lisette_Koss-Raynor,ab9QUaZcQciELxn
Monte.Zboncak40@yahoo.com,Jarred.Farrell-Corwin,q_uWE2WBkBWh5Tt
Raven29@hotmail.com,Michael.Metz,mLL1yAKqAsREaE_
Chauncey.Trantow97@yahoo.com,Ryann85,_JLzL4AEFG8ycOI
Kevin.Daniel61@hotmail.com,Kane0,d_hll2CT_g20PWM
Cleo66@yahoo.com,Bernadine_Jacobson,zoXWqDE2MRDzTVs
Tod.Kuvalis77@yahoo.com,Wilfred.Runolfsson,5Km_ZEZ5RmDUimF
Kay.Muller99@yahoo.com,Deondre_Weber95,95Z0NH152uKzf2h
Brycen.Franecki@gmail.com,Ansel.Brown56,9EdyS7eHFFFYKDw
Dave25@yahoo.com,Dorcas70,fZV4XmIhFlaziMG
Jalyn68@hotmail.com,Casimir42,IJXw0kSfw2caL1I
Shea_Breitenberg72@gmail.com,Dillan62,0MDfPLcyznZ0EtN
Lorenz17@hotmail.com,Aniya.Grimes-Nitzsche,CVwVyPLeUqfJPJu
Maeve_Reilly50@gmail.com,Ned.Raynor10,YoMzRatpy9b3zEV
Toy_Bechtelar29@gmail.com,Dolly.Kerluke,Q33fwOmr0aCPR6q
Lucius73@gmail.com,Kaela_OKon,vJ9rdsx3dCu1fga
Summer_Dibbert8@hotmail.com,Jeremie_Stoltenberg84,vXxVnHo4_EI9gXF
Ines22@gmail.com,Audie_Hackett85,zNPaUAgp7NaJuoe
Sean.Kuhic@hotmail.com,Amie.Gusikowski-Ledner68,nfVISkhu31dsxVe
Julien15@hotmail.com,Harvey_Steuber18,gsGKylcMUTvCv42
Delfina.Howe@gmail.com,Lelah.Murray,Vk3F0WRxMOcNSit
Jalon48@yahoo.com,Dudley.Torp53,H9E2ucIW6mBx97B
Oral_Harber@gmail.com,Boris_Tillman,pnsN4ctzf0iV3OF
Maud65@gmail.com,Cordell_Steuber,ZMrT3PrcQJFxdrq
Lewis_Sanford@gmail.com,Johanna_Casper14,H0umta8P50C1Y4e
Zachary33@hotmail.com,Ernest_Boyle,xG3VGyc7LIOekpC
Elvera31@hotmail.com,Helga_Abshire,YCJs4uu_s5PNJEk
Ali_Rodriguez@gmail.com,Josh61,4HZijd5aG2axMpO
Natalie57@gmail.com,Itzel.Mills,LXwWoFR13hxvXny
Ari87@gmail.com,Helena_Hackett99,nOre7P_YsZ3oPJM
Destini40@yahoo.com,Kamren_Kshlerin55,Wy54YmnutcDCBss
Jedediah.Wunsch@gmail.com,Cordelia77,B3VJnAPcdIaFC4X
Marvin.McLaughlin78@yahoo.com,Easton_Botsford30,yBSAWhcNOh7wHo3
Constantin49@gmail.com,Amina_Christiansen,MnmWbGWt118TPvk
Zane.Friesen@yahoo.com,Kole61,wrIRP8tPtV_sCX0
Jacquelyn.Runolfsdottir@yahoo.com,Aaron12,dOSYC07R56n0xCe
Franco.Feest@yahoo.com,Filiberto31,owaTNJINLUVgRbg
Sedrick74@yahoo.com,Ottilie.Kuhlman48,7cxmL6AOnEpuQTG
Else.Jakubowski@yahoo.com,Dahlia28,PsQMkgzr_Mpnk0g
Adrien_Lesch@hotmail.com,Gabriel.Rempel71,gjn8yQZphktzz2t
Alexandra.Donnelly6@gmail.com,Nora_Treutel53,VNBHn9j1T1it2pZ
Thaddeus4@yahoo.com,Derek66,ygDvHvRT04RBevN
Lincoln_Stokes@hotmail.com,Emmanuel.Simonis,00jv2TAXD3oFZxr
Alayna.Nienow@yahoo.com,Ruthie_Mills,VLeyTxzz4tgnFTd
Vernice.Wiegand1@gmail.com,Murray_Fritsch,znfACQQLl87DcNI
Stevie.Quitzon73@gmail.com,Charlotte23,kietIRLokTznT2O
Rodrigo58@yahoo.com,Lyda_Lubowitz16,w49dkQfy7m4qIzP
Alexander23@gmail.com,Dorothea74,Fb8hinur6it69zu
Kaden_Gutmann@gmail.com,Jaylen.Hane74,NPaZp0qOMaaioiC
Lelia.Legros7@yahoo.com,Thurman_Wiegand93,1fJ_2Yl2yKZCeG2
Brigitte47@gmail.com,Blanche_Stracke,p_bcs6rvZTXkltn
Travon39@gmail.com,Milford72,ZnuUxufyXDRuMX5
Sister_Reilly59@gmail.com,Denis.Farrell90,4p72iM9FTfuSXIT
Eugene_Keeling3@gmail.com,Laila.Kuvalis,timBLt_PPlRgIoN
Kiarra_Shields79@yahoo.com,Dessie.Cummings-Larkin62,DzJ3AIuDN_CtJMM
Raymundo35@yahoo.com,Reba.Gutmann6,k4OwSu35qDqJhqY
Hollie.Schaefer41@yahoo.com,Heber.Collier,RhT5p_VgJ_F6fcz
Bradley_Wyman98@hotmail.com,Delphine_Huels37,mhySbRghvZOwPEZ
Angelo_Purdy@yahoo.com,Gladyce.Breitenberg,QUu0mRd1DTGxiRN
Karen.Strosin18@hotmail.com,Colby54,ZBkxusfWBzhsdvb
Garth29@hotmail.com,Bud10,NTLYq_Rd5FQuWJP
Rocio_Heathcote-Cronin@hotmail.com,Ezekiel.McClure20,WuB2Sa2g53UF6oi
Clemmie.Thompson-Marks@hotmail.com,Abigayle_Bayer10,5C1_xCULPDzfI6t
Laverna35@hotmail.com,Torrance.Kilback42,minKq1FZ05x6Ghr
Otha89@gmail.com,Lavinia.Mann,qXifwxEklm_mqgp
Maximo_Dickinson@yahoo.com,Josephine79,4GiLgABZ9g2YriH
Laurie.Spinka72@hotmail.com,Evangeline57,gOtIhagq4zhhF5b
Carmel_Hand51@hotmail.com,Elian.Schneider,x0KVXBBOYbwjO2E
Irwin12@hotmail.com,Albertha_Olson38,Tp0rHRb4Yghzfuw
Mac_Wisozk95@yahoo.com,Maia_Cronin,vP6qpUvNRRVp_uX
Uriel.Rath69@gmail.com,Jevon62,ttq3KdsqNI7NuXG
Kathryn_Beahan@hotmail.com,Thomas.Little,V0JM0TI8fBp67pO
Reece.Crist@yahoo.com,Ana62,095N2u3EkoplA0s
Ignacio_Ortiz@yahoo.com,Dewayne.Spencer27,Cnojcaz5DbfRqqt
Clarabelle.Keebler8@gmail.com,Zoey.Wunsch,6GjIJQr28IRJP4T
Tiara32@yahoo.com,Herman29,UUPqAxQuEmqk8Vc
Evalyn31@gmail.com,Hailee.Larkin,OdHNNwGxZnGVgX7
Halie69@gmail.com,Ocie.Ferry63,rqcXZeY27es_oh5
Johann.Kutch0@yahoo.com,Maybell.Okuneva93,YvPdxOpr7mZwl_S
Abraham14@gmail.com,Lukas65,4RtzYddgmxvb8Wg
Caden56@hotmail.com,Janet_Wuckert93,TjqCOaEYTNbDrmO
Elyse.Altenwerth34@gmail.com,Shawna59,OnHSD16LW7c8mQF
Garrison76@hotmail.com,Alek.West,5tLmYGmZw9cr6e1
Daphney60@hotmail.com,Jeremie31,ircsHcBXFT9YFQE
Orlando52@yahoo.com,Ayla_Vandervort51,o4tStcyeVEd5j58
Lourdes.Adams@gmail.com,Aurelie72,VmM2DrVUgw7zIV6
Eino.Auer25@hotmail.com,Breana47,kTE9svzYf0Jz905
Maxine_Oberbrunner@hotmail.com,Lilliana_Dicki95,2TaeQALdrFxvyhK
Myah26@yahoo.com,Otis.Roberts,ds0JnxmWoL17lgi
Austyn36@gmail.com,Kyra_Frami,qk1MoqsmjOHCsd8
Derek_Witting@yahoo.com,Frank.Weimann,m9GQML9VTKYfrzJ
Jaunita_Larkin@yahoo.com,Aniya.Hansen,NJXpduBeZ9VYzYO
Molly_Crona75@yahoo.com,Stefan.Block,r2_ys5MROrTmE3X
Elliot_OConnell@gmail.com,Linwood.Hoeger,qaAA2nrXJquIyuq
Mohammad76@gmail.com,Jessy49,6Od1ewtWwrBlHhN
Janis_Wunsch@yahoo.com,Chaz49,6gEkDY5thsWjqqY
Alf_Wehner89@gmail.com,Tatyana_Will,EnNZKcgU3LkQCyl
Augustine_Lowe@gmail.com,Assunta.Harber68,ruFZNCJZtAKbDY4
Cary77@yahoo.com,Edmund.Mosciski73,C3VPwXj9ouyH2DS
Deven12@yahoo.com,Elmo31,OS5l5XU5fHzqPwn
Rubie63@gmail.com,Jamarcus_Schmeler14,guzSgnrle1vBFAB
Trinity_Howe@hotmail.com,Selena.Greenholt,RWQHS8OAvx5D1vi
May.Hermiston30@yahoo.com,Khalid60,6yFI0DBc44n5psD
Sincere_Beatty95@yahoo.com,Ibrahim.Mante,GmITVgfN76t7TmR
Vallie13@hotmail.com,Laurel91,hkAMURMCxOEoUPu
Evie.Dare6@gmail.com,Pearline.Legros-Ward,9ThXy2L83bVviSu
Tess_Powlowski@hotmail.com,Llewellyn_Gusikowski,NROrNAptllDzCCp
Caleigh_Heaney43@yahoo.com,Ryann71,TPnIIp4oUrrEIi6
Presley_Spencer@yahoo.com,Tyrel_Osinski10,QKRYkFr_PEBy5Sn
Judson_Ebert99@hotmail.com,Florencio7,RaMRT6Yd3TAWQoL
Junior_Sawayn83@hotmail.com,Pierce_Bode,1S3R2NEIXNcSvD4
Shanelle_Kulas24@hotmail.com,Emmitt.Schumm2,feZa17KSak9ejx7
Sally77@gmail.com,Rahsaan99,ZA2xgk28rX5AYJu
Kane.Bogisich92@gmail.com,Sally95,Kaeq0l5NIyoMHjJ
Brittany_Stark50@hotmail.com,Austen_Ebert64,AHDKKyXhYho8BL3
Mariana_Mayert27@hotmail.com,Adele29,YLOhA_j7bQmTIh6
Johnny54@gmail.com,Josue_Bosco,mTwIIVlLK5FvYTE
Everardo.Gleichner71@hotmail.com,Max.Willms,Lk4fnZ4I2pC0L5z
Madie.Nicolas79@gmail.com,Piper.Kiehn,HyA5G6zq8Wv3yL3
Ibrahim.OReilly46@yahoo.com,Dedrick_Wolf,Br5X2TlX7alEAW3
Lisa80@gmail.com,Vivien48,BqYesPLZHLisCOc
Annabel_Rutherford42@yahoo.com,Columbus12,lD7CxcRc59be7xN
Leif20@hotmail.com,Nova.Mosciski,BK38fXi5bHaAT1e
John.Blanda92@hotmail.com,Rogelio5,dJsjLRfb7nf3YJw
Mabelle_Morar@gmail.com,Alvina_Kulas,VfKL59KnqHBklBZ
Ben24@yahoo.com,Eveline.OConner,2M0lpH3bZ7Uqbyk
Leora44@yahoo.com,Josiah.Ullrich50,HxO7z_wHQCc4mN3
Brandt30@hotmail.com,Alexandro.Weissnat,mGcqGFfy53b_ZsW
Tristian28@hotmail.com,Odessa_Gibson81,BYsu7u_M4vyiZA3
Cleora.Harris@yahoo.com,Caleigh43,i2LB4aL1BEtF0d6
Alysha.Skiles@gmail.com,Alessia.Crona,iHBLgLakrU4hKXz
Cierra_Dach76@gmail.com,Stephon33,aonfeOmNVGBpTIs
Kaleigh_Bailey@gmail.com,Cedrick.Monahan34,mH3lr21SI0gCtHT
Schuyler_Morissette12@gmail.com,Tyrel_Medhurst37,m2c7SMin6yb63eF
Myron79@yahoo.com,Ibrahim88,OHRB_4NccIq9Y9J
Lori_Homenick@gmail.com,Pamela_Will,oJc5NOsjuIdJpfB
Jeffrey94@yahoo.com,Fermin25,SdyriErfIfXmUnc
Orval8@yahoo.com,Garrett73,hJfXcllItJCZ8g9
Orlando.Bode32@yahoo.com,Regan_Ledner,8XwjAa7YEpB_oN_
Larue19@yahoo.com,Arely4,jq38sKLSnZSmtac
Maurice.Mraz54@hotmail.com,Madison82,lWsz5hJnWNImbVU
Cathrine.Haag@hotmail.com,Tianna.Batz89,ccAMG9c71JJK13x
Nick67@hotmail.com,Shayna54,rlKutqLtMQNNfAQ
Dessie_Mayer@gmail.com,Bertrand_Keeling2,VGDznEAwc4IpWXe
Carolanne3@yahoo.com,Roma_Stanton55,LvKYxJaE0IfExDM
Bailey_Wintheiser43@gmail.com,Merlin0,fRM_S8juZVboJLB
Percy91@yahoo.com,Shayna_Corkery,K02HsFczSpKZZWA
Max_Runolfsson@gmail.com,Pauline_Medhurst,Dv7IHaqK5AlXC_d
Garland_Stehr-Spinka15@gmail.com,Shayna_Kuvalis38,vH1bYokQ5iSgu1G
Rahul.Gislason34@yahoo.com,Dillon22,UDhjN3rlareXsN2
Jackie_Jones@yahoo.com,Elenora_Lowe82,90wPhsysTzqGMpK
Mabel.Larkin32@gmail.com,Fabian38,LMzC02161X6ANC2
Marietta57@hotmail.com,Orval.Becker46,TsiNI5aZDOzYV2I
Gregory.Bogan70@gmail.com,Wilhelm_Ullrich0,0Vaw_GpPR6UcyIA
Rickie.Zulauf18@yahoo.com,Harry.Batz32,4GDQMzKowF6302t
Maia.Feeney30@hotmail.com,Amos.Anderson,SqbF0U3oA3snIMn
Fred48@hotmail.com,Jadon93,rpBcjwNIrOCnSmV
Thelma21@gmail.com,Wayne82,XuFPfhNN6_ndRbl
Samantha70@gmail.com,Elenora49,vGFfBPxI0MDsX90
Sandy2@gmail.com,Adolph84,NfWvMkuM9zfExPr
Jameson19@yahoo.com,Cristobal_Pouros48,SOX9nUNQNfm4fXn
Kaitlyn_Hettinger-Rempel44@gmail.com,Piper42,LgG7d10Ck9ZRYcR
Meda33@hotmail.com,Kelli_White,92Rjqbtr0qD5eJX
Erich27@gmail.com,Enos_Mayert,ZqzB1xQRqA7WEIe
Darion.Torphy42@gmail.com,Avery.Kovacek,SzZvVfIEKqMiou2
Jevon.Koss83@yahoo.com,Kristoffer7,7kAtwTzCDQPAnOE
Ike.Runte@yahoo.com,Devyn.Daniel,iqZGRmwmf64m5yx
Thaddeus82@gmail.com,Charlene_Parisian,NUcLZNhW7RSC6UV
Art_Boehm@hotmail.com,Alejandrin.Hermiston,2d9ugQ31_2IOEV8
Ona.Stark73@yahoo.com,Janick.Ruecker0,OuJQ7kI0V3AsEqg
Shaylee59@yahoo.com,Charley10,yj8sQdLq9FMZNU2
Antonette81@hotmail.com,Ben_Nader,0aL0WJC9fYxjft0
Haylee_Schmeler@gmail.com,Torrance84,YlcT6vGCgKE5fyb
Wellington.Mante43@hotmail.com,Treva_Runolfsson,o8dYqVbC4Az3B3Z
Alexandre.Bechtelar59@gmail.com,Rhiannon.Cruickshank68,MCQrHTDmzj1Ky86
Zoila10@yahoo.com,Anthony81,Mbi9p2sEPpfsT8o
Vella82@yahoo.com,Jake32,JgsFOaSJPMHEGwH
Marcella.Barton@hotmail.com,Precious.Lockman31,wl6PQ4iyB0t0Ais
Cary_Grant78@gmail.com,Deborah_Kassulke83,d9QX8Z9mSAXazPN
Jaylen.Sanford60@yahoo.com,Brendan37,ziTFyHsjvLf2rTB
Antoinette_Luettgen-Beer26@hotmail.com,Madalyn58,4EBngPluDoEsloa
Candida_Gulgowski47@yahoo.com,Layne38,bzZZcnigaZWwdNR
Melba95@yahoo.com,Jailyn_Reilly87,NtZdBW5TDork7hh
Ari51@gmail.com,Kathryne98,30MFqw7u_sRZ3EM
Liliane.Hayes@hotmail.com,Simone.Haley,rUC1dTGEPaRXuNM
Dawson54@hotmail.com,Rebeca_Tremblay61,cq4GBydcug3lU0y
Dorothy_Ratke94@hotmail.com,Jaida.Johnston,6jbp0gpCBiRNFnU
Ellis.Pouros84@yahoo.com,Demarcus_Corkery14,FLXoIPr0_eJD9Pg
Terrance.Howell38@hotmail.com,Daniella73,zVTHsaaSTTNsAYY
Hillard.Rodriguez@hotmail.com,Olga.Armstrong,T2k4pJD6tgOh1BU
Serena_Bechtelar@yahoo.com,Tierra36,HqNfk0BLvMpRk75
Lewis90@yahoo.com,Velda_Hackett46,6IfwdCB0zfvfc6O
Willow_Paucek@hotmail.com,Burdette.Terry,dtmFaxgtAn1zNhR
Itzel23@hotmail.com,Jarod71,uIpvkkgwPsn83eG
Reina_Goyette96@gmail.com,Kenyatta.Ward29,CDyHce8TYvk0D3b
Jonas88@gmail.com,Luigi.Schimmel92,n1MBjebE1FWmnsr
Charlotte56@gmail.com,Dina28,c31TfdxZnWpbwug
Brice_Steuber18@gmail.com,Mike_Satterfield,A566lz0aRld7ehd
Kaia_Murphy26@gmail.com,Vaughn.Howell32,LI5ORAAZa9IF6_1
Kaden95@hotmail.com,Dayana20,Wv37aun2sxcFLnf
Ariane.Okuneva@hotmail.com,Ward.Daugherty28,ndrungWblI4zVam
Sabina.Little77@gmail.com,Nestor.Hane-McCullough,0vAzwUkKMsSl63o
Floyd_Spencer7@hotmail.com,Lonnie93,E_PsRugD6l0cSlj
Tia.Cremin9@yahoo.com,Izabella7,PLwGOIUeZM7WdwU
Wilfrid.Lueilwitz@gmail.com,Lorena12,1wjLrOekuD0Wz_B
Esta.OReilly41@hotmail.com,Kyle.Turner,5kF8EGfJGoHEncM
Nicolas.Hand9@hotmail.com,Cyrus_Pollich29,Y59lRANQ3yPqzIA
Earline.Cruickshank47@gmail.com,Beulah.Williamson,HSof2fEjtOW8G6i
Lilla91@yahoo.com,Jada_Connelly,ObcXDbbru3Pnngg
Virgie.Pacocha@yahoo.com,Jennyfer72,L1HIOQuxyc1VQYT
Lucie36@gmail.com,Brandon_Koch,E740J2rWzG8GERU
Ernestina_Cassin@hotmail.com,Luther.Ruecker10,4PlHSqbrxJEWtCs
Norma_Lemke79@yahoo.com,Trenton48,ovo0vA7bmaKMBum
Maia.Stark@hotmail.com,Mireille_Towne81,XM7IbdNEGpgwu4f
Mandy_Connelly61@yahoo.com,Royal57,7HlD2J1A4gpp_3J
Ethyl78@gmail.com,Orlando.Spencer,PG4Cz42av1PtOxh
Jakayla.Strosin@hotmail.com,Haylee_Balistreri,Jp0W5jwItf3u1ai
Skyla41@yahoo.com,Leonor_Nitzsche55,47kOM8bcVaPete_
Buck_Metz20@yahoo.com,Ansel_Yundt,rx8F84AtnU9XwsG
Aryanna.Ratke@yahoo.com,Alec81,WvGP1B3JZUsrFma
Tyler_Hand@gmail.com,Bernadette78,fWK1H0X8uoS158o
Adelia.Gleichner@gmail.com,Roslyn77,u7fElqyh6pzgSgI
Korey.Keebler@gmail.com,Christian71,VYSYxenvh6aajer
Kassandra_Lemke86@yahoo.com,Cheyenne71,skb7xUizGaSWiIW
Alberta_Kuhlman@gmail.com,Irma_Yost,fPLJw33lO5CiXmb
Sammy.Breitenberg@yahoo.com,Elfrieda.Hermann14,YoqwC8nqBT8Oo1o
Laila67@yahoo.com,Victoria61,aVeKtJhzQP3av0c
Katelin.Stokes@hotmail.com,Elton_Lemke,vJmVkuL9CWbl_2Q
Brice_Lesch@yahoo.com,Desmond_Thiel54,S_DyXyIzYxotBFX
Kristy.Bogan51@hotmail.com,Melba.Kuhic29,qUicFkpT7UWA6n0
Aimee.Schuppe57@hotmail.com,Hank_Larkin,bnq7l7Bvc6TQtPF
Aniya.Witting47@hotmail.com,Marilie19,N08JdhWxlkb97AC
Daija94@hotmail.com,Trudie.Franecki11,jzRGYAk38crxnIo
Isobel_Littel46@hotmail.com,Santiago.Rosenbaum34,jbvMjVzUTowuWnA
Mozell.Jerde@hotmail.com,Rudolph_Buckridge5,iKhCVsrczQuojpH
Emil.Lubowitz90@yahoo.com,Elwyn_Prohaska,FoTgsZSP5lVSXy1
Jonathan_Hyatt-Dooley44@gmail.com,Lowell66,fbSR5RkFkEWTb0g
Chelsie.Koss@hotmail.com,Skyla43,MfCXeeYdI8qSMLs
Yoshiko.Kutch@hotmail.com,Daniella.Schmidt84,SqWTTTNqi5iZLNL
Hailee.Bergstrom@hotmail.com,Chaim84,Md68jFeYqwZEKMY
Marilie_Grimes41@yahoo.com,Jada_Waters70,fr6e8t0jNYiO905
Darrin94@yahoo.com,Lola32,RgB1mFMzNBySzB1
Christ18@hotmail.com,Mafalda.Kozey,RJfp__FSoZWJA3d
Camylle_Schmeler-Littel@yahoo.com,Margot.Nikolaus38,44AMBIwodAqXvHD
Alysa.Halvorson86@hotmail.com,Daren_Spinka83,kSbuIKxHv9UY6ho
Kali_Bauch@hotmail.com,Rafael_Shanahan43,L09faNS0BtBQVxw
Jerrold.Waelchi88@gmail.com,Carlee_Collins59,xWImFVrMyo89tx3
Bill_Moore34@gmail.com,Albert.Schmidt,41m7YgRtkmenSkg
Geovany_Gutmann96@gmail.com,Mia.Dare58,EVKnVRqMcsflHbS
Karley_OHara@yahoo.com,Mavis.Koss31,PIYMbR7N8oTLFnu
Jada.Spinka@yahoo.com,Shad59,WksuP_IN2iQECw4
Joseph56@hotmail.com,Cali.Ziemann,lcPzFOyKJGQrvev
Jimmy_Abbott@yahoo.com,Greta34,NzLiVLrbkMXSvLU
Nat.Lueilwitz83@gmail.com,Lance.Christiansen7,hCzlgTGFPEeHBlB
Justina.Sipes@yahoo.com,Alicia_Medhurst,BTXCfpJHf5Xk8ms
Lorenzo75@gmail.com,Bart65,eNpJIxW9aSgl_tR
Justina.Quigley@hotmail.com,Bernhard67,OJQCxnpEPqTd52n
Gudrun_Hayes23@yahoo.com,Malinda_Mitchell70,XqtIqSJZOw_SqHP
Geoffrey73@gmail.com,Frieda71,5nNjQRX6IzoeTU2
Wilford.White7@yahoo.com,Aylin_Bashirian,QvztEITurKUhgXU
Alexandrine.Von96@yahoo.com,Sabryna70,ULqiC07sqGWFmaz
Allison87@gmail.com,Osborne_Huels,30yYRMO3XTFebEm
Titus71@gmail.com,Noe.Cremin,SGaQzb8d2Vt3pQZ
Linnie_Kuhn10@gmail.com,Jermain_Ondricka5,DDlxGb63G5EUoAI
Jason72@gmail.com,Eliane_Langworth68,TAfG3vN9BCyH6V_
Lela.Walter36@hotmail.com,Jonas_Heathcote,AXRmzE1vjfcCtGO
Kole52@hotmail.com,Kelli.Sauer91,GcR3JedxuufaTe0
Sigrid_Ankunding59@hotmail.com,Dakota52,do8k7r0MKvg4DgE
Julien19@yahoo.com,Maurine31,tvtuWDdgJ_W9uyW
Carmel_Roob@hotmail.com,Beatrice_Ondricka,ey_Ihlc0r_VKeci
Faye13@gmail.com,Ana_Kemmer-Bradtke,J_4KISJt3KKSg_4
Sigmund.Rutherford40@gmail.com,Jayce_Kilback,5kmzTAa4vfZA2vD
Ethel92@hotmail.com,Ethyl28,J2jkqOkCLbH5s09
Janice7@yahoo.com,Virgil_Yundt55,t4cEChsp_UzoEZ7
Shakira1@gmail.com,Beau53,MpwI1yCroz98APo
Jalen.Bahringer@gmail.com,Kristofer_Kling35,7PPOt29FvLA4Z73
Alford.Kuhlman69@gmail.com,Ladarius88,7Hr6euDPHtCeO5i
Lelia.Rippin28@gmail.com,Theodora_Mertz,62wWdeG9c7E39tx
Tillman_Hartmann@gmail.com,Morton.Rutherford27,EE6xWo0bIERDRpT
Thora.Dickens4@yahoo.com,Delbert63,OGaxmdpG5frAdHO
Marielle16@hotmail.com,Tevin74,KamCOb3w1VVP25d
Julio.Goodwin@yahoo.com,Jadyn63,dX59rVuQUGSFa5n
Margarette.Aufderhar@yahoo.com,Donny_Paucek,oROIDl7r19Fyqtq
Hailey_Cronin@hotmail.com,Annabelle.Crooks11,I12Gam8WxFOSUCn
Michele40@hotmail.com,Jaeden.Fisher,wUsm9q8DoCKWLNJ
Neil.Padberg@gmail.com,Kaylie_Mertz26,nZt8DLefJLuUIqT
Kamryn76@yahoo.com,Jabari88,g65foCc44K_eJYa
Shayne_Bailey60@hotmail.com,Vivien29,p_4AYuVFqC4B3uS
Hosea26@gmail.com,Janis59,wyMbtjodQPokZ5r
Myrtle_Dickinson75@yahoo.com,Skyla71,Xl8XKOQG9E865lP
Ova98@hotmail.com,Marley_Russel,Zv5nleRKTHZ8B8l
Norma47@gmail.com,Angelina_Tromp,_SXAlHG8ipBiCcc
Dortha27@yahoo.com,Aryanna.Flatley46,pOvUVRxrgIzixlQ
Lexus.Crona@hotmail.com,Willard53,NnxLAcrdLSqIWPB
Raina.Balistreri@yahoo.com,Johanna.Kihn,JSAjW1rkKYZ9rcr
Floy_Jakubowski41@yahoo.com,Milford25,dGFjYx6WjtgXN49
Emmie53@yahoo.com,Murray.Brekke,t2riTRmHClMATS5
Kayley54@yahoo.com,Lera_Miller2,e5FZIbKjhJkX5rc
Nestor18@hotmail.com,Kira_Goyette26,BnITxFzsF9DWfud
Guido11@yahoo.com,Ena_Kuhlman1,EV7X02oLSv4kL_B
Leanne_Roberts@gmail.com,Ellie68,JBYy0Chw1GoKFzb
Hal73@hotmail.com,Taurean.Hudson,3pLtRUN9PuPT6Zz
Nina.Beier11@gmail.com,Tad_Raynor35,L9FHcLxkXTd9Y1c
Cydney88@gmail.com,Juanita.Windler1,TWtkCjt5SxW5G5I
Heaven.Ward@hotmail.com,Meghan.Lehner82,b6yICqDpZJl6F14
Neil_Lesch94@yahoo.com,Hanna.Schmitt,xrc9orSQ0bNTjAO
Amalia45@gmail.com,Cara36,k8dYDc3rY6LBeK6
Harry_Volkman3@hotmail.com,Jarrett.Kerluke2,kOnmrvMXV58oQYX
Elenora.Jaskolski3@gmail.com,Irma2,_lD1Q0Ivj47Fy9Z
Lincoln13@yahoo.com,Adell.Lakin77,xj5AbdGSX630Iab
Phyllis93@gmail.com,Jordan.Rolfson,OpYAFuMELwcuFZt
Devonte65@yahoo.com,Dianna.Wilkinson8,s8zy9bnj6Ut8h6j
Jaunita.Heller@yahoo.com,Derek.Volkman,usq4gohckNPniLu
Fae63@yahoo.com,Shaniya.Kiehn14,q_FMJ7PIaNdk0Fi
Asa.Wilderman@yahoo.com,Trevor.Kautzer32,NjStIE6UPc7JM0T
Lionel_Jerde@gmail.com,Christy_Gerlach,28vIXHIeaTydRVI
Dane.Cummings69@gmail.com,Simeon_Thompson43,hOxZgj9lRMjpXxC
Shaylee78@yahoo.com,Ella_Prohaska,PiMVszi6VrYS97E
Harmony.Leffler@hotmail.com,Vada_Willms13,cAAvbqXgezx1kG4
Jerald_Buckridge4@yahoo.com,Carmine_Heidenreich,sCSFqFYYSvsCRhV
Isobel_Walter-Dach73@hotmail.com,Mathilde_Cummings,LMb8cZMMfec6eXb
Richard40@gmail.com,Sheila_Cormier,2XwRzeAXjI_n19G
Olin73@hotmail.com,Pink84,lEt1B6uNhwdtLED
Dusty38@hotmail.com,Eusebio82,Uo60PDW_fnMB6sk
Elyse_Parker@hotmail.com,Gage6,eR2PKlhQ6YY0hUx
Isac.Hodkiewicz@gmail.com,Schuyler20,y55QUzcMCroWThg
Jordi_Powlowski@hotmail.com,Jeff.Hermann45,HFgDzmCQyrmv19J
Kenyon.Friesen93@yahoo.com,Earlene52,xYo4mfY_mVnLfrg
Elise56@yahoo.com,Gregorio.Schmeler45,j_hGDucyU7OkpPw
Chasity_Walker21@hotmail.com,Ike.Fisher39,e2NJjxzujrqFcNW
Jessika.Wolf@yahoo.com,Raoul_Kulas,OZZLnh3znyr69SW
Telly.Moore@hotmail.com,Nestor_Johns,7T9SVb1mcP6GDGQ
Emmett44@yahoo.com,Demarcus35,RJWBFrELHVHWYej
Isadore.Wilkinson@yahoo.com,Anastasia15,4gUnDOJuhC2DYak
Casey97@yahoo.com,Phyllis28,qoVXiRpI3cLkLDr
Drew.Mayert@hotmail.com,Emmet42,lWH69tl10ltdadQ
Coy2@yahoo.com,Annamarie19,7qgOZONv7Xd9Ynp
Arvid.Keebler@gmail.com,Hadley42,R8vm0VODJqGXA3k
Eliane6@yahoo.com,Angel43,Ftwbgxew9tbqhT3
Hilda_Paucek@hotmail.com,Kailee_Batz35,IeLb5dqlw08ksbJ
Charles.Mraz83@yahoo.com,Nya_Padberg,MO7UGyUeaz3ZD1s
Wade1@hotmail.com,Americo_Cronin32,Rb0YF0umhiTGT5i
Mabel.Wilderman58@yahoo.com,Aiden_Terry,L4vxrMOGbJXiE2h
Barbara_Halvorson@gmail.com,Oceane.Howell16,ucxWcrLWq1dfJtC
Agnes62@gmail.com,Alec.Kutch7,0UW4LKSBlfJQEx8
Jaunita.Ledner@hotmail.com,Zora_Schowalter,25M5PWG4ckL9Cr9
Raheem_Carroll@gmail.com,Emerson_Miller,8uccvkj1wIDjPSv
Bertram79@yahoo.com,Walker.Haag55,MWG0NLBWic8h_Cs
Constance22@hotmail.com,Magnus_Okuneva,kLvZ2AxjiFnoVri
Kira5@yahoo.com,Annamarie_Labadie13,SL_Lhna8VrV57LG
Darien33@hotmail.com,Kennedi.Wuckert-Hoeger75,lu0IxsWeNqv3Qbs
Eldon_Hickle52@hotmail.com,Jayce89,GToXfn0Fsxpfqap
Kris_Lind@hotmail.com,Dayne.Crona64,srd5taiQSKvGvbh
Bryce_Funk51@gmail.com,Clarissa70,baqRqao5XB7zRrx
Harold_Franecki@hotmail.com,Carmela.Jacobson76,uSHsRmCyMVNQXLL
Yasmeen_Sauer47@yahoo.com,Nicolas.Doyle,bQ9WPXJjGyjZtFG
Rogers92@hotmail.com,Ardith_Paucek-Kemmer59,9NjAF6LYP4egQkO
Keira52@hotmail.com,Anabel.Cummerata20,mkg9Wm4dg_Tieip
Hillary28@yahoo.com,Issac_Klein,PGEae2bMH9yUV91
Jessie.Ankunding@hotmail.com,Reyes.Gislason8,6slju7GJOe4Q17J
Hans31@gmail.com,Hanna69,V7aO1dd6n59voXd
Tamia84@yahoo.com,Melvin27,Q0KM_cBxQ5NcGiP
Leone_Willms@hotmail.com,Koby53,JRefwJp8L6buOu9
Donnell.Swaniawski@yahoo.com,Ethyl62,ItmmGVevwAW2DK3
Marco.Weber@gmail.com,Louie15,dV3Gp_97X16pQtt
Terrill_Goodwin37@yahoo.com,Ross14,AWiJwu1tcMs7Yun
Alfonso.Romaguera@gmail.com,Casey_Schultz,BDgcNQF1xr9dB7C
Tatum.Heathcote@hotmail.com,Fiona92,musegj4mhgXvsFF
Treva53@gmail.com,Dylan_Collins,Xv_Sdp7s3WxOMQ1
Mohammed.Zemlak@yahoo.com,Missouri.Bergnaum66,7LuPAyuST0XnD2n
Hertha.Langosh97@hotmail.com,Melody.Rolfson,SGoNB10BBr_WioR
Howard45@gmail.com,Brooks91,nhQDpvgcCKzEiWx
Randall11@yahoo.com,Van34,yDlbFqGbDcnItpA
Amina_Sporer@hotmail.com,Cedrick.Runte62,twY3lgTX59CS0Yw
Christine_Botsford@yahoo.com,Quinton.Barrows,Iylde1ZhGFEFHlm
Clotilde_Larson@gmail.com,Mireya.Sanford,AEcuJ8WfBvQIT13
Antonetta_Cummings72@gmail.com,Horace.Kub,30UUEeS0NYhgQtn
Gerald.Larson@hotmail.com,Camden_Olson,LO2OLRtKv4Rfkrx
Jewell.Schinner@yahoo.com,Kayleigh53,AcpYlbI_b9X1BgE
Hudson.Romaguera42@gmail.com,Gisselle_Schoen90,s0QFsXL7shDn4Me
Hailie.Schmeler91@gmail.com,Ron89,WJVNvU5MBS7wED3
Kale57@yahoo.com,Craig.Wunsch60,67I1AlJjiLaOgAf
Gonzalo.Kertzmann43@gmail.com,Clementine77,taRfK9EhYJ6zjke
Odell.Homenick@gmail.com,Foster_Grant98,i17PIktZ4VQrAEf
Krystal.Roberts@hotmail.com,Eleanora17,Mc9MSZqE7_iVStH
Daryl.Sauer1@hotmail.com,Lavinia.Gutkowski,HtmadGZHC01h6XT
Isadore53@yahoo.com,Scot58,7CH8bCEoi45IcPB
Jolie_Sauer23@gmail.com,Nelson_Schuppe,l1NCPuosf3WxSJq
Emmet2@hotmail.com,Kenna_Strosin,OaMyq1MQwPoeHWq
Ines.Ullrich12@hotmail.com,Damon_Bauch,Dy5SnObU8wDtBFD
Devon72@hotmail.com,Cooper.Baumbach,FrXGFZCyACdXfxi
Maggie68@gmail.com,Eddie.Pfeffer95,EYyuOZ54Q2Veaog
Ali90@yahoo.com,Vickie0,YkJ0SZ7ZyZqfIQj
Daniela.Cronin66@yahoo.com,Landen.Mills41,1D_GyCUB_2BBgno
Eryn50@hotmail.com,Adolfo27,gEeJiSQlvjbyx6n
Sammie_Maggio@hotmail.com,Elisa41,eoxLGjOVI7fAStG
Garrett_Mills@yahoo.com,Lura_Stehr,MYlxwJH5BzbkKP7
Tyra_Lebsack@gmail.com,Julius68,dX5kBNQMdhn2D0T
Dominic93@hotmail.com,Margarett70,w5RpGvzD_E2gvHD
Deven.Mosciski-Roob42@hotmail.com,Arne.McClure8,Qt7fgSMs4ABTbda
Boris_Cruickshank61@gmail.com,Leanne10,4PztPTQZ86C2XHi
Alexandrine10@yahoo.com,Macie60,zbMwwtsIt1mDxgS
Shana_Durgan7@gmail.com,Itzel.Friesen,dDtgHgJC6SstT3C
Virginia63@hotmail.com,Marc7,0qIdWfkRSOClqzF
Brando.Corkery@yahoo.com,Cedrick_Deckow15,CJG2Bd6PlpxltUa
Jaren25@gmail.com,Trystan11,84Va1xmifeYrGX4
Justen_Hodkiewicz@hotmail.com,Eleanora.Spinka,wfOHRPvK8OrLDtN
Clemmie0@gmail.com,Erika.Jacobson65,U29HUf0HvBMADe4
Matilde_Hoeger@hotmail.com,Pete.Marks,3865WryFqnb7bym
Evelyn_Brekke46@yahoo.com,Clementine5,usZvc1N_BPb5M2k
Jacquelyn43@hotmail.com,Joaquin.Fadel48,DT432I6IpsnB2k_
Camylle1@yahoo.com,Gustave.Schowalter4,RIlm7r30Axro0K3
Jacey.Harris@gmail.com,Lance.Gottlieb,lQhjzWH6phfjLxp
Kelley_Miller59@yahoo.com,Cecelia3,ByO1mYWijPG7MHw
Shaniya89@yahoo.com,Arne90,G9vlrj7S4hya6WW
Helmer55@hotmail.com,Candelario.Thompson92,midW8ponpxyQ_KG
Dejah35@yahoo.com,Yesenia95,o0y2_8OU9_GSc8h
Audrey_Pfeffer@gmail.com,Alexandria83,N_YtjhxT2ywP5rD
Jameson_Cummerata@yahoo.com,Else97,6NDRBZicNd7LibB
Austyn40@hotmail.com,Sadye30,oLBUu6V8rsrNy1P
Carmine.Hegmann@gmail.com,Dewayne94,hHM9jaQzpSfeAYG
Monique_Kautzer@yahoo.com,Ruthe.Klocko,U9q5JkBHsNY77P8
Yasmeen.Erdman80@hotmail.com,Demetris.Marvin6,i_k8DQ9rbf67BwL
Bertram42@hotmail.com,Stuart.Robel-Gutmann46,5P90HrF9RwjUA8_
Marielle.Mosciski@hotmail.com,Jeromy_OReilly68,JNj6rXNS7Q0jjBZ
Ashleigh_Collier63@hotmail.com,Dell.Langworth,Qsg6gCzNS5B7f3a
Justus30@gmail.com,Madilyn.DAmore,hDSpJ_zCBGfsC6P
Linwood.Bahringer@yahoo.com,Corrine_Stroman,8Uufu0R749zGLEr
Terrance40@hotmail.com,Shad41,t2sDC5OMZwguDjd
Dedrick40@yahoo.com,Alexane.Stamm,ZfxZ7e8z8Ms2EJ5
Kelton.Sawayn@hotmail.com,Boyd_Kerluke26,BjDOGIj4K7waNnn
Carolina.Runolfsdottir58@yahoo.com,Serenity.White20,KYdA45aClF9xNad
Dominique.Harris@gmail.com,Kyla47,TFmrsQbXqj04wiD
Destiney_Davis@hotmail.com,Tommie7,eWJ0G3EjNV3dP8k
Giovanny_Block@hotmail.com,Marlene.Gottlieb26,Yj9nMXdnsntW6Lj
Lolita12@gmail.com,Frida81,awJ8QhBokzV1eqf
Macey79@yahoo.com,Lonie9,zBMmkbi7MCpkLvT
Dennis.Wiza@hotmail.com,Ahmad_Schumm44,EpwSABWLAcDkeF_
Teresa_McClure95@hotmail.com,Destiny16,BwlIx1hBeQjj94g
Joshua5@hotmail.com,Max_Collins49,FaisTWZ_BlDrRx4
Gail.Hand19@yahoo.com,Dixie.Steuber92,ci88ZcEdjIylbuC
Kallie_Rosenbaum6@gmail.com,Tre_Ratke,OAbr9CbSGHjg8FU
Nicola_Schulist99@hotmail.com,Vivien_McGlynn,XQrDPOVWMGFJ2kI
Hilbert.Nicolas54@gmail.com,Domenico_Metz,FjI1m1UR8oBo2uH
Rowan.Bartoletti@gmail.com,Bridget.Runte40,vXKCzxXlngcgoH9
Reyes83@yahoo.com,Harley_Osinski62,vJZolg5OR95vU3o
Alyson.Lubowitz68@yahoo.com,Adolf_Schroeder14,gHfmpC1rGPnWRHI
Kade.Dare@yahoo.com,Esther_Casper,K_X7SE8AsC2v7s6
Ferne.Yundt@hotmail.com,Judson26,c1Bg2PKw7tRlCmH
Cleta.Wilderman@hotmail.com,Peyton_Bruen,hnzurljUIEYXEIG
Prince_Zemlak@gmail.com,Ladarius92,QaLNdwMEgFXdu1d
Barrett30@yahoo.com,Heidi_Stanton10,L4cxm9bDLiDuKpe
Allen.Mitchell@gmail.com,Sasha.Bradtke19,VUpRjwfWWCkzJu0
Estell_McCullough@hotmail.com,Nella.Vandervort-Beatty61,eu6eDVESoxRmkeb
Edwin_Larson@hotmail.com,Kenya32,IsHL_4BvwXGL49z
Arjun91@yahoo.com,Reta.Kessler9,JRwpJy7spjbyAxS
Golden_Hayes@gmail.com,Geo_Rogahn57,66nRNmFr7z6MQID
Nyah52@yahoo.com,Aurelia_Schroeder,UFKRjE30wauwYgu
Elian69@hotmail.com,Bill.Ferry49,NCWUU4fqtfEzdLG
Chesley54@hotmail.com,Eula3,nq9reyHEU7TGXnn
Nedra_Runolfsson@gmail.com,Ernestine_McClure41,0kna3kRT1oyRz51
Mohammad_Hegmann@gmail.com,Bradford20,4KwJHORQNYeyCKJ
Joaquin_Rutherford97@yahoo.com,April.Schaden,RFC4fwaTqAQXHFk
Arno.Grant65@gmail.com,Ian61,b5y2sYSgCn3B2sQ
Fermin.Terry@gmail.com,Kylie.Von,IcaAU2eiN_yAsFW
Adah.Kautzer@gmail.com,Taryn.Hyatt,FVi6qTlhWsmjiEx
Jaida44@hotmail.com,Sibyl55,9TjFg_81olt0g24
Heidi_Wiza@hotmail.com,Ellen_Bartell,jMEIHRvna2GD2M2
Trycia_Kris@gmail.com,Gwendolyn.Wunsch-Auer,BqdQ5FVN_Jd_UCj
Brandyn_Wyman19@gmail.com,Brandy_Yundt11,8xhLi_shpzuTZZV
Heber_Von0@yahoo.com,Blake_Torphy,1qbtazumr_e16Fk
Pierce_Leannon@hotmail.com,Mortimer_Hammes,WMl8f0UMf44Nmn1
Burley.Sawayn@yahoo.com,Bernardo.Kuhic,jA5lE9l_AKjTE3r
Dayana.Gutkowski@gmail.com,Kelvin77,CzB8rOloB41GSDj
Kaycee_Steuber@yahoo.com,Donald.Feeney36,M59KwtibxnWnkwn
Tristin_Hayes54@gmail.com,Hillard_Haley31,GFg_eHQKHHrHyBb
Vickie_Stroman33@gmail.com,Sierra37,uI30BPNfBrdEMgx
Darius23@yahoo.com,Lacey_Robel10,AXGcEmeb36tso4E
Miguel41@hotmail.com,Guido52,FfeweU5ckuQ3mjd
Seamus_Ortiz92@hotmail.com,Kathryne63,IYI31QhbEkQhJV4
Lonny53@hotmail.com,Russell.Russel92,eyrQPCb3kGHjPRC
Kelsi_Johns12@hotmail.com,Jerrold.Denesik71,ctRbnqPNiV4Awu2
Mattie68@yahoo.com,Gerson18,J19wx5W2zu5zhgz
Aaliyah_Mills42@gmail.com,Joe_Gislason,uQScoG8MR1xVHTh
Dejuan_Ziemann76@gmail.com,Luther_Lowe-Robel,MZrMtxF9ysgxXnU
Henderson38@gmail.com,Amelia_Klein,6dduRD3eD5XOhN5
Bridget.Haag1@hotmail.com,Jeramie_Cummerata,n3f5Gj3bpKgrlbP
Amir.Corkery@hotmail.com,Flavio18,8Jx35yl_bYKtUrG
Raymundo_Steuber@yahoo.com,Esmeralda44,WdO4RxWCMWj3Hdz
Peyton.Sauer@yahoo.com,Horace_Watsica29,Z2U4ANJvSQgq8mA
Karl.Hirthe8@yahoo.com,Guido49,fZ1kMiRyjLuo4wM
Gladyce75@yahoo.com,Beverly.Nienow56,SXevwpiwxrXrG2O
Laverna.Osinski@gmail.com,Schuyler.Wintheiser41,nx8uw1ha4hn1TUI
Hazel_Heidenreich@hotmail.com,Muhammad_Fahey34,ns9NY1wyECq4GhI
Katrina.Collier54@hotmail.com,Cleve.Cole88,J2KuZBl79CuEnRw
Myrtice25@hotmail.com,Amani52,wLq20e13tOwZMNV
Jack.Fahey20@hotmail.com,Narciso9,br1H7B30IkTxWHs
Kailyn.Douglas83@yahoo.com,Stone34,3bObBwg2oMSRXHr
Clara_Crist@gmail.com,Devyn_Gibson21,8Q99Aj6vLhzZAxH
Troy94@yahoo.com,Omari.Yost6,wCzvta9uzDNRX3A
Lorenzo89@gmail.com,Vella80,8DBP92_2yy8M9dK
Santina.Rutherford@gmail.com,Madge_Pacocha,0vLmDkOMmpZhslT
Bessie.Rutherford@hotmail.com,Samantha_Watsica84,3htRNINYM4mHJSF
Spencer.Witting35@hotmail.com,Earnest96,_c0TJ7ZDmVzK15V
Lina_Jacobson@gmail.com,Domenic58,7hdcSNKlGoVBtzj
Orlo.Stokes-Hessel@gmail.com,Trever.Purdy38,wXGQfmNv7JcUnX5
Lea60@gmail.com,Jamaal85,HPj9aOblumsL9bc
Kacie.Pouros5@yahoo.com,Lilly91,xeZg0xnTdfSCUgG
Eloy_Harris@gmail.com,Lazaro_Kassulke57,abpOin4uJ5beXKu
Maynard.Upton@hotmail.com,Jeanette74,niPecgouKP5i8LW
Rick.Kunze40@gmail.com,Anissa.Weber,y_swVgYmMa_G1op
Connie.Schowalter3@hotmail.com,Lane.Smitham,7NYkuL9LYvBO9YL
Morgan_Glover@yahoo.com,Destin.Cremin,GRYHAkGG9XFzsYq
Frederik.Conn@hotmail.com,Earl87,5YymF1KlUzmCYJe
Hilbert_Bernhard@yahoo.com,Ona5,6PGncxP96TKQACf
Noemi.Stehr6@hotmail.com,Ally_Macejkovic23,CuEOzY3cIZtnb2W
Amiya_Herman@hotmail.com,Kody78,1UI6oQJoYKIZlTv
Damaris62@yahoo.com,Hazel12,nZmg2wNv8hfKIMG
Keith55@yahoo.com,Delbert.Mertz90,qLMZD_wdbtxa1tJ
Humberto.Ondricka@gmail.com,Tessie91,guGzLLIHjtHxd0Y
Lilian3@gmail.com,Claud.Stark,zZzriRbDGB5aMHe
Diana_Blick@gmail.com,Antonette22,QInnDi_ylmcfIk7
Charlotte_Boyer@yahoo.com,Audrey50,m3Ohy65ROBtPrha
Brielle87@gmail.com,Dimitri.Conn30,E3FSx9DBG5J1x9L
Amy_Marks83@hotmail.com,Misty96,XyyTnvm3aLWP6pz
Freida_Davis40@gmail.com,Priscilla_Paucek,gE3Haq_hnDA9OUP
Aryanna13@hotmail.com,Kenton62,b6uy6rPL5AiOY2c
Jermain.Bernier@gmail.com,Isabelle17,sXLRDPxxkFjJlxk
Kasandra62@gmail.com,Mark.Ritchie50,eZh5iXPEMjkwasH
Vinnie24@yahoo.com,Liliana_Vandervort77,nPr6npfxbRIz5Jm
Lenna.Fay48@hotmail.com,Alfredo83,ZSyf3DvpKfqgfud
Alisa_Sauer@gmail.com,Bryon2,VYDBBJDdBJOc6tV
Isaiah.Robel-Pouros@gmail.com,Lia_Swaniawski,UzeeEW4a0lF02NC
Annabell_Hoppe87@hotmail.com,Barton.Simonis60,GhUNbWZ24jlBGqM
Janis_Hodkiewicz@gmail.com,Virgil41,bNCkVuN7RuJpc0N
Rosalia_Bednar@yahoo.com,Janick.Hermann74,G_P_Eh0XW8hmeio
Salvador51@gmail.com,Willis33,hMgizqFDulD6COk
Rosalyn74@gmail.com,Marquise.Bins-Konopelski62,8eqysp49b0kNc0M
Frederic_Hayes@yahoo.com,Josephine0,u0FV3rtwAbttVxP
Andreanne.Schultz@gmail.com,Monique.Gulgowski37,2LLLnpuvUnb64pg
Shawn_Torp@hotmail.com,Tommie.Reichert,XAnjFvSlhzb1axU
Ronaldo.Cruickshank@yahoo.com,Arnaldo72,4SKD1ukQ4anTBNt
Melyna_Muller@gmail.com,Dee6,Xu_VW9ZOAprYmfS
Harmony_Rolfson@gmail.com,Lilyan20,pTeebHHPb7MRgcw
Jessy48@gmail.com,Celestino_Bins,mCbfu88Rg9DEkl3
Maybelle54@hotmail.com,Darian_Botsford,Jp5_I7MJOtZY1gZ
Jaclyn_Kshlerin55@hotmail.com,Maureen_Langworth21,ulYYMlIOjDpVyy5
Nash99@gmail.com,Hank.Purdy22,NBE8BRmMG9FFbov
Velma_Stokes@hotmail.com,German_Blick,mRUANc4tVtnYYvV
Hudson.Roberts@hotmail.com,Uriel24,nGtvn0GxerSdYmi
Elroy48@hotmail.com,Ezra43,c4WeVooT7ooZR26
Marshall.Kuhn@gmail.com,Sidney_Lebsack34,Ctzbgm0ne8xUQMq
Sabryna94@yahoo.com,Jaylin51,nbA3vhQLK6XjDUZ
Betty_Schmitt99@yahoo.com,Camille_Monahan,XvRCsBOKkSaJsxB
Leilani.Ebert@gmail.com,Alison_Gleason,VO5wK0WsA8UrRTJ
Aileen71@hotmail.com,Geovanni.Toy-Ruecker,Mmz0iKoTgiUnSQE
Emmitt.Wilkinson@gmail.com,Shanie.Howell,XgDUXPXKcVUCLzB
Karson.Botsford92@yahoo.com,Giovanny_Auer37,wByCyTO6lnTTkv6
Mercedes.Hoeger71@hotmail.com,Erik_Raynor71,lFjld6DajgU4Oo2
Lisandro_Howe@gmail.com,Eulah.Stark98,izGgyGiyKTZPSVu
Alyce_Weissnat-Hahn@hotmail.com,Emmy_Mertz27,gLyXwFOJeKhL9hQ
Abbie_Brekke@yahoo.com,Favian_Greenholt34,RD7JisW0Y7nGFQu
Aurelio.Connelly@yahoo.com,Karson_Okuneva85,_sMLDOE1lAWkwEq
Corbin74@yahoo.com,Orion72,HdgxaLaqeO02QG9
Alberto74@hotmail.com,Nicholaus.Wunsch,Q7QTamAgu0lualG
Destiny.Boyle0@hotmail.com,Tressa.Marvin45,gTLY8OzfHHIOda4
Claude_Ferry29@yahoo.com,Allene71,v4WFxLc1Ah4PRjJ
Darrel.Schoen@yahoo.com,Kasandra_Beatty,qeB_ZVSHzq7LH5Y
Pascale_McGlynn@hotmail.com,Cicero_Lemke50,LngAPzOY48qCV6y
Tillman75@yahoo.com,Bruce_Koelpin,uR6wMKnUP4NlFs6
Leonard80@yahoo.com,Mozell.Cummings17,7flJ5oYEmZU2HGX
Domenick55@gmail.com,Marisa.Leuschke,fKWsy9o4jMEqikC
Gardner.Hansen@hotmail.com,Nona70,sHm4FDOsdozoBhC
Lilliana63@yahoo.com,Zachary.Bartoletti,mysLOYONVYndCyr
Kendrick.Mayert43@hotmail.com,Cecelia.Marvin,x31lA6yoOZHKm6e
Roslyn41@hotmail.com,Delia91,33bpPew4qkZkdOH
Chanelle.Labadie@gmail.com,Emmanuel_Lebsack48,IEXF78nlv1t_cxZ
June_Leannon28@gmail.com,Golda_Anderson95,hzPP5dLzuh0xZnp
Janelle.Hirthe57@gmail.com,Anika43,s9N339luQIs4_v4
Leola_Mann@gmail.com,Alexandra73,vCtG07XGffRkiLb
Alyson.Davis@gmail.com,Sallie_Reynolds63,qPA1lRhVp26De9i
Marcelo.Ledner45@yahoo.com,Zetta66,0IOAM2J7yH40PFq
Eldon46@hotmail.com,Theresa.Cormier29,M3Oer1Q11pRg7sl
Theresa64@yahoo.com,Lisette48,JFpEJUWJf3Foj2j
Myrtice89@yahoo.com,Edna.Fritsch15,KxA5WAVA9RcwSFd
Durward64@hotmail.com,Roma68,PJBnveq5ueedwLh
Cameron.Parker@yahoo.com,Alysa_Bahringer36,63oNM8mPlNqvPhc
Daisy.Stracke@yahoo.com,Caesar_Kuvalis,QqkEmc8ScPtBNA0
Devin.Mohr3@gmail.com,Shea.Lockman54,MFgckPwIR2vMW6p
Clint6@hotmail.com,Daphne.Pollich36,VYclFEemNWanLLc
Brant59@hotmail.com,Octavia.Carroll,pYbNTRFmfbz3stS
Ahmed97@hotmail.com,Wilhelm90,HpP904qZzqUxeh0
Tremayne90@yahoo.com,Noel4,QDJ0yRauAw67MH5
Abbey_Dickens@gmail.com,Vicenta3,d2ITxVm2zht49Fs
Sven66@yahoo.com,Logan_Schaefer29,lirdBKk_RsFXeRF
Liliane.Zieme@yahoo.com,Calista.Schiller,kg5r4ddg7ugGhP8
Eleanore52@gmail.com,Kenyon.Orn-Ernser,KMveCAEvsIdwe6W
Jermaine.Okuneva6@yahoo.com,Sam.Stehr4,HfGesGSOfVKL7lp
Francis31@hotmail.com,Edwin22,EmXlxsTIOWj4V7k
Katharina_Wilderman@yahoo.com,Nicolette_Balistreri29,iBMOhYCTtzDVg5X
Diego32@hotmail.com,Tiara65,9DJysVWV8rqDlRe
Judd_Brekke@yahoo.com,Jalyn5,iGI8abBhSJvan39